{
  "kind": "collectionType",
  "collectionName": "authors",
  "info": {
    "singularName": "author",
    "pluralName": "authors",
    "displayName": "Author",
    "description": ""
  },
  "options": {
    "draftAndPublish": false
  },
  "pluginOptions": {},
  "attributes": {
    "name": {
      "type": "string",
      "required": true,
      "unique": true
    },
    "description": {
      "type": "text"
    },
    "books": {
      "type": "relation",
      "relation": "oneToMany",
      "target": "api::book.book",
      "mappedBy": "author_id"
    },
    "slug": {
      "type": "uid",
      "targetField": "name"
    }
  }
}
