{
  "$schema": "https://docs.renovatebot.com/renovate-schema.json",
  "extends": [
    "config:base"
  ],
  "packageRules": [
    {
      "matchPackagePatterns": ["eslint"],
      "groupName": "eslint",
      "schedule": ["on the first day of the month"]
    },
    {
      "matchPackagePatterns": ["prettier"],
      "groupName": "prettier",
      "schedule": ["on the first day of the month"]
    },
    {
      "matchPackagePatterns": ["nestjs"],
      "groupName": "nestjs",
      "schedule": ["on the first day of the month"]
    },
    {
      "matchPackagePatterns": ["nuxt"],
      "groupName": "nuxt",
      "schedule": ["on the first day of the month"]
    },
    {
      "matchPackagePatterns": ["vue"],
      "groupName": "vue",
      "schedule": ["on the first day of the month"]
    }
  ]
}
