{
  "$schema": "https://raw.githubusercontent.com/martinring/tmlanguage/master/tmlanguage.json",
  "fileTypes": [".nuxtrc"],
  "name": "nuxtrc",
  "scopeName": "source.nuxtrc",
  "patterns": [
    {
      "match": "^(\\s*)([a-zA-Z_][\\w-]*(?:\\.[a-zA-Z_][\\w-]*)*)\\s*=\\s*([^\\n]*)$",
      "captures": {
        "2": {
          "name": "variable.other"
        },
        "3": {
          "patterns": [
            {
              "match": "\\b(true|false|null)\\b",
              "name": "constant.language"
            },
            {
              "match": "\\d+",
              "name": "constant.numeric"
            },
            {
              "match": "\"[^\"]*\"",
              "name": "string.quoted.double"
            },
            {
              "match": "[^\\s=]+(?=\\s*$)",
              "name": "string.unquoted"
            }
          ]
        }
      }
    },
    {
      "match": "^\\s*#.*$",
      "name": "comment.line"
    }
  ]
}
