{
  "kind": "collectionType",
  "collectionName": "categories",
  "info": {
    "singularName": "category",
    "pluralName": "categories",
    "displayName": "Category",
    "description": ""
  },
  "options": {
    "draftAndPublish": false
  },
  "pluginOptions": {},
  "attributes": {
    "name": {
      "type": "string",
      "required": true,
      "unique": true
    },
    "description": {
      "type": "text"
    },
    "books": {
      "type": "relation",
      "relation": "manyToMany",
      "target": "api::book.book",
      "mappedBy": "categories"
    },
    "slug": {
      "type": "uid",
      "targetField": "name",
      "required": true
    },
    "featured": {
      "type": "boolean",
      "default": false
    },
    "featured_order": {
      "type": "integer",
      "unique": true,
      "default": 1
    }
  }
}
