{
  "kind": "collectionType",
  "collectionName": "orders",
  "info": {
    "singularName": "order",
    "pluralName": "orders",
    "displayName": "Order"
  },
  "options": {
    "draftAndPublish": false
  },
  "pluginOptions": {},
  "attributes": {
    "user": {
      "type": "relation",
      "relation": "manyToOne",
      "target": "plugin::users-permissions.user",
      "inversedBy": "orders"
    },
    "note": {
      "type": "text"
    },
    "order_details": {
      "type": "relation",
      "relation": "oneToMany",
      "target": "api::order-detail.order-detail",
      "mappedBy": "order"
    }
  }
}
