[
  {
    "id": "9d436e98-1dc9-4f21-9587-76d4c0255e33",
    "color": "Goldenrod",
    "description": "Mauris enim leo, rhoncus sed, vestibulum sit amet, cursus id, turpis. Integer aliquet, massa id lobortis convallis, tortor risus dapibus augue, vel accumsan tellus nisi eu orci. Mauris lacinia sapien quis libero.",
    "gender": "Male",
    "name": "Desi Avramovitz",
    "review": "productize virtual markets",
    "starrating": 3,
    "price": 50.4,
    "img": "1.jpg"
  },
  {
    "id": "bfa86b1c-9ebf-4555-987f-7b8bf7d27be7",
    "color": "Puce",
    "description": "Phasellus in felis. Donec semper sapien a libero. Nam dui.",
    "gender": "Male",
    "name": "Addy Alldre",
    "review": "deploy efficient mindshare",
    "starrating": 4,
    "price": 33.99,
    "img": "2.jpg"
  },
  {
    "id": "eca6b1c7-6b8c-4416-aae0-98cecdc18e92",
    "color": "Orange",
    "description": "Curabitur in libero ut massa volutpat convallis. Morbi odio odio, elementum eu, interdum eu, tincidunt in, leo. Maecenas pulvinar lobortis est.",
    "gender": "Female",
    "name": "Bernie Gledhill",
    "review": "mesh sticky content",
    "starrating": 3,
    "price": 102.99,
    "img": "3.jpg"
  },
  {
    "id": "440e2eac-67ed-4407-993a-d9f6b7f15087",
    "color": "Teal",
    "description": "Praesent blandit. Nam nulla. Integer pede justo, lacinia eget, tincidunt eget, tempus vel, pede.\n\nMorbi porttitor lorem id ligula. Suspendisse ornare consequat lectus. In est risus, auctor sed, tristique in, tempus sit amet, sem.",
    "gender": "Female",
    "name": "Gwendolen Bickerstaffe",
    "review": "integrate front-end infomediaries",
    "starrating": 5,
    "price": 64.5,
    "sizes": [
      "Small",
      "Medium",
      "Large"
    ],
    "img": "4.jpg"
  },
  {
    "id": "38543b28-3b0e-4886-a108-b58419bcef94",
    "color": "Yellow",
    "description": "Etiam vel augue. Vestibulum rutrum rutrum neque. Aenean auctor gravida sem.\n\nPraesent id massa id nisl venenatis lacinia. Aenean sit amet justo. Morbi ut odio.\n\nCras mi pede, malesuada in, imperdiet et, commodo vulputate, justo. In blandit ultrices enim. Lorem ipsum dolor sit amet, consectetuer adipiscing elit.",
    "gender": "Male",
    "name": "Cristian Gilbanks",
    "review": "integrate extensible methodologies",
    "starrating": 5,
    "price": 30.99,
    "img": "5.png"
  },
  {
    "id": "3d16728f-4b1d-449a-b002-4dc23f32c0cd",
    "color": "Red",
    "description": "Donec diam neque, vestibulum eget, vulputate ut, ultrices vel, augue. Vestibulum ante ipsum primis in faucibus orci luctus et ultrices posuere cubilia Curae; Donec pharetra, magna vestibulum aliquet ultrices, erat tortor sollicitudin mi, sit amet lobortis sapien sapien non mi. Integer ac neque.\n\nDuis bibendum. Morbi non quam nec dui luctus rutrum. Nulla tellus.\n\nIn sagittis dui vel nisl. Duis ac nibh. Fusce lacus purus, aliquet at, feugiat non, pretium quis, lectus.",
    "gender": "Female",
    "name": "Kalila Gooms",
    "review": "utilize end-to-end functionalities",
    "starrating": 4,
    "price": 19.99,
    "sizes": [
      "Small",
      "Medium",
      "Large"
    ],
    "img": "6.png"
  },
  {
    "id": "0d5c91e6-8dbe-4c5b-b9fa-9e82986b1bdc",
    "color": "Maroon",
    "description": "Nulla ut erat id mauris vulputate elementum. Nullam varius. Nulla facilisi.\n\nCras non velit nec nisi vulputate nonummy. Maecenas tincidunt lacus at velit. Vivamus vel nulla eget eros elementum pellentesque.\n\nQuisque porta volutpat erat. Quisque erat eros, viverra eget, congue eget, semper rutrum, nulla. Nunc purus.",
    "gender": "Male",
    "name": "Bartolemo Peckitt",
    "review": "enable cutting-edge e-services",
    "starrating": 3,
    "price": 130.0,
    "sizes": [
      "Small",
      "Medium",
      "Large"
    ],
    "img": "7.png"
  },
  {
    "id": "80175256-93a1-41b8-9895-a890ed0c61d1",
    "color": "Puce",
    "description": "Etiam vel augue. Vestibulum rutrum rutrum neque. Aenean auctor gravida sem.",
    "gender": "Female",
    "name": "Kathye Haith",
    "review": "innovate sexy portals",
    "starrating": 4,
    "price": 120.99,
    "sizes": [
      "Small",
      "Medium",
      "Large"
    ],
    "img": "8.png"
  },
  {
    "id": "b5438034-168a-4b51-9d2e-dd9fc336a242",
    "color": "Red",
    "description": "Integer tincidunt ante vel ipsum. Praesent blandit lacinia erat. Vestibulum sed magna at nunc commodo placerat.\n\nPraesent blandit. Nam nulla. Integer pede justo, lacinia eget, tincidunt eget, tempus vel, pede.\n\nMorbi porttitor lorem id ligula. Suspendisse ornare consequat lectus. In est risus, auctor sed, tristique in, tempus sit amet, sem.",
    "gender": "Male",
    "name": "Armin Basilio",
    "review": "transform robust mindshare",
    "starrating": 5,
    "price": 20.99,
    "sizes": [
      "Small",
      "Medium",
      "Large"
    ],
    "img": "9.png"
  },
  {
    "id": "a5f39b32-e103-4e4a-ab73-0f719817b455",
    "color": "Fuscia",
    "description": "Phasellus sit amet erat. Nulla tempus. Vivamus in felis eu sapien cursus vestibulum.\n\nProin eu mi. Nulla ac enim. In tempor, turpis nec euismod scelerisque, quam turpis adipiscing lorem, vitae mattis nibh ligula nec sem.\n\nDuis aliquam convallis nunc. Proin at turpis a pede posuere nonummy. Integer non velit.",
    "gender": "Male",
    "name": "Cal Sterman",
    "review": "benchmark synergistic bandwidth",
    "starrating": 3,
    "price": 50.0,
    "img": "10.jpg"
  },
  {
    "id": "19bdee56-525a-4cb7-bfeb-c6f46b6d639a",
    "color": "Mauv",
    "description": "Morbi porttitor lorem id ligula. Suspendisse ornare consequat lectus. In est risus, auctor sed, tristique in, tempus sit amet, sem.",
    "gender": "Female",
    "name": "Ardine Imlaw",
    "review": "repurpose robust e-business",
    "starrating": 4,
    "price": 65.0,
    "sizes": [
      "Small",
      "Medium",
      "Large"
    ],
    "img": "11.png"
  },
  {
    "id": "f8b11f7c-1306-4658-a66c-d1704e728349",
    "color": "Teal",
    "description": "Duis bibendum, felis sed interdum venenatis, turpis enim blandit mi, in porttitor pede justo eu massa. Donec dapibus. Duis at velit eu est congue elementum.",
    "gender": "Female",
    "name": "Noella Ruddom",
    "review": "redefine 24/365 eyeballs",
    "starrating": 3,
    "price": 72.0,
    "sizes": [
      "Small",
      "Medium",
      "Large"
    ],
    "img": "12.png"
  },
  {
    "id": "14fcaf19-465e-4275-8c2e-c69219e68f8c",
    "color": "Khaki",
    "description": "Nam ultrices, libero non mattis pulvinar, nulla pede ullamcorper augue, a suscipit nulla elit ac nulla. Sed vel enim sit amet nunc viverra dapibus. Nulla suscipit ligula in lacus.\n\nCurabitur at ipsum ac tellus semper interdum. Mauris ullamcorper purus sit amet nulla. Quisque arcu libero, rutrum ac, lobortis vel, dapibus at, diam.",
    "gender": "Female",
    "name": "Kirstyn Espadate",
    "review": "empower sticky web-readiness",
    "starrating": 4,
    "price": 59.99,
    "img": "13.png"
  },
  {
    "id": "b1913a24-2556-4414-87cd-c6dcc3b98b53",
    "color": "Turquoise",
    "description": "Nullam sit amet turpis elementum ligula vehicula consequat. Morbi a ipsum. Integer a nibh.",
    "gender": "Male",
    "name": "Rourke Greet",
    "review": "deliver end-to-end solutions",
    "starrating": 5,
    "price": 49.99,
    "img": "14.png"
  },
  {
    "id": "143badca-e3f0-452f-b973-c3917a5f0f70",
    "color": "Teal",
    "description": "Quisque porta volutpat erat. Quisque erat eros, viverra eget, congue eget, semper rutrum, nulla. Nunc purus.\n\nPhasellus in felis. Donec semper sapien a libero. Nam dui.",
    "gender": "Female",
    "name": "Arden Stockbridge",
    "review": "orchestrate value-added infrastructures",
    "starrating": 4,
    "price": 100.0,
    "img": "15.png"
  },
  {
    "id": "5cdef591-6b7f-4511-b59f-d0f55bdceeb9",
    "color": "Orange",
    "description": "Integer ac leo. Pellentesque ultrices mattis odio. Donec vitae nisi.",
    "gender": "Male",
    "name": "Sheffy Gunter",
    "review": "revolutionize vertical systems",
    "starrating": 5,
    "price": 33.99,
    "img": "16.jpg"
  },
  {
    "id": "0bdf8654-7d44-46f5-bb1f-115b16b42344",
    "color": "Orange",
    "description": "Praesent blandit. Nam nulla. Integer pede justo, lacinia eget, tincidunt eget, tempus vel, pede.\n\nMorbi porttitor lorem id ligula. Suspendisse ornare consequat lectus. In est risus, auctor sed, tristique in, tempus sit amet, sem.",
    "gender": "Female",
    "name": "Alexine Mulligan",
    "review": "architect real-time partnerships",
    "starrating": 3,
    "price": 13.99,
    "sizes": [
      "Small",
      "Medium",
      "Large"
    ],
    "img": "17.png"
  },
  {
    "id": "a89719a0-4ee2-4ba0-8a75-12a1654a66b1",
    "color": "Purple",
    "description": "In congue. Etiam justo. Etiam pretium iaculis justo.\n\nIn hac habitasse platea dictumst. Etiam faucibus cursus urna. Ut tellus.\n\nNulla ut erat id mauris vulputate elementum. Nullam varius. Nulla facilisi.",
    "gender": "Female",
    "name": "Micheline Charlson",
    "review": "innovate holistic markets",
    "starrating": 4,
    "price": 12.99,
    "img": "18.jpg"
  },
  {
    "id": "8aa13b42-b074-43d2-8dcc-f3f1010f3adb",
    "color": "Purple",
    "description": "Phasellus in felis. Donec semper sapien a libero. Nam dui.\n\nProin leo odio, porttitor id, consequat in, consequat ut, nulla. Sed accumsan felis. Ut at dolor quis odio consequat varius.\n\nInteger ac leo. Pellentesque ultrices mattis odio. Donec vitae nisi.",
    "gender": "Male",
    "name": "Hughie Jeffryes",
    "review": "facilitate innovative portals",
    "starrating": 3,
    "price": 154.99,
    "sizes": [
      "Small",
      "Medium",
      "Large"
    ],
    "img": "19.png"
  },
  {
    "id": "c8b03500-5f07-4fb3-a933-1ee205ccd903",
    "color": "Puce",
    "description": "In hac habitasse platea dictumst. Etiam faucibus cursus urna. Ut tellus.\n\nNulla ut erat id mauris vulputate elementum. Nullam varius. Nulla facilisi.",
    "gender": "Male",
    "name": "Chet Corke",
    "review": "unleash synergistic models",
    "starrating": 5,
    "price": 33.99,
    "img": "1.jpg"
  },
  {
    "id": "85641bb6-04e5-4393-be3e-1d4dea46cd54",
    "color": "Orange",
    "description": "Quisque porta volutpat erat. Quisque erat eros, viverra eget, congue eget, semper rutrum, nulla. Nunc purus.\n\nPhasellus in felis. Donec semper sapien a libero. Nam dui.",
    "gender": "Female",
    "name": "Kamila Yggo",
    "review": "unleash strategic platforms",
    "starrating": 4,
    "price": 50.99,
    "img": "2.jpg"
  },
  {
    "id": "1c8665b9-87cd-40d4-bc90-b28943825bd0",
    "color": "Purple",
    "description": "Quisque id justo sit amet sapien dignissim vestibulum. Vestibulum ante ipsum primis in faucibus orci luctus et ultrices posuere cubilia Curae; Nulla dapibus dolor vel est. Donec odio justo, sollicitudin ut, suscipit a, feugiat et, eros.\n\nVestibulum ac est lacinia nisi venenatis tristique. Fusce congue, diam id ornare imperdiet, sapien urna pretium nisl, ut volutpat sapien arcu sed augue. Aliquam erat volutpat.",
    "gender": "Female",
    "name": "Kandace Strickett",
    "review": "orchestrate visionary paradigms",
    "starrating": 4,
    "price": 50.99,
    "img": "3.jpg"
  },
  {
    "id": "e0bce42b-e2cf-4aa2-805b-f4bbd8517d2a",
    "color": "Khaki",
    "description": "Phasellus in felis. Donec semper sapien a libero. Nam dui.",
    "gender": "Male",
    "name": "Kellby Arlott",
    "review": "enhance rich initiatives",
    "starrating": 4,
    "price": 19.99,
    "sizes": [
      "Small",
      "Medium",
      "Large"
    ],
    "img": "4.jpg"
  },
  {
    "id": "cc6998b6-4150-4234-b678-28460afc3a91",
    "color": "Purple",
    "description": "Integer tincidunt ante vel ipsum. Praesent blandit lacinia erat. Vestibulum sed magna at nunc commodo placerat.\n\nPraesent blandit. Nam nulla. Integer pede justo, lacinia eget, tincidunt eget, tempus vel, pede.\n\nMorbi porttitor lorem id ligula. Suspendisse ornare consequat lectus. In est risus, auctor sed, tristique in, tempus sit amet, sem.",
    "gender": "Male",
    "name": "Bogey Cheyne",
    "review": "benchmark mission-critical convergence",
    "starrating": 5,
    "price": 110.0,
    "img": "5.png"
  },
  {
    "id": "69d95efa-af3a-40d2-8da1-1c8f8700a131",
    "color": "Crimson",
    "description": "Maecenas tristique, est et tempus semper, est quam pharetra magna, ac consequat metus sapien ut nunc. Vestibulum ante ipsum primis in faucibus orci luctus et ultrices posuere cubilia Curae; Mauris viverra diam vitae quam. Suspendisse potenti.\n\nNullam porttitor lacus at turpis. Donec posuere metus vitae ipsum. Aliquam non mauris.\n\nMorbi non lectus. Aliquam sit amet diam in magna bibendum imperdiet. Nullam orci pede, venenatis non, sodales sed, tincidunt eu, felis.",
    "gender": "Female",
    "name": "Sybila Ehlerding",
    "review": "aggregate granular systems",
    "starrating": 3,
    "price": 19.99,
    "sizes": [
      "Small",
      "Medium",
      "Large"
    ],
    "img": "6.png"
  },
  {
    "id": "ab614297-fff2-4b34-bcf5-bc3c10127c63",
    "color": "Purple",
    "description": "Curabitur in libero ut massa volutpat convallis. Morbi odio odio, elementum eu, interdum eu, tincidunt in, leo. Maecenas pulvinar lobortis est.\n\nPhasellus sit amet erat. Nulla tempus. Vivamus in felis eu sapien cursus vestibulum.\n\nProin eu mi. Nulla ac enim. In tempor, turpis nec euismod scelerisque, quam turpis adipiscing lorem, vitae mattis nibh ligula nec sem.",
    "gender": "Male",
    "name": "Hadrian Hambatch",
    "review": "transition granular markets",
    "starrating": 3,
    "price": 190.99,
    "sizes": [
      "Small",
      "Medium",
      "Large"
    ],
    "img": "7.png"
  },
  {
    "id": "18d4cd08-134f-4df5-a19a-b782a59ae52b",
    "color": "Orange",
    "description": "Proin eu mi. Nulla ac enim. In tempor, turpis nec euismod scelerisque, quam turpis adipiscing lorem, vitae mattis nibh ligula nec sem.\n\nDuis aliquam convallis nunc. Proin at turpis a pede posuere nonummy. Integer non velit.\n\nDonec diam neque, vestibulum eget, vulputate ut, ultrices vel, augue. Vestibulum ante ipsum primis in faucibus orci luctus et ultrices posuere cubilia Curae; Donec pharetra, magna vestibulum aliquet ultrices, erat tortor sollicitudin mi, sit amet lobortis sapien sapien non mi. Integer ac neque.",
    "gender": "Female",
    "name": "Franciska Hallett",
    "review": "generate customized e-services",
    "starrating": 4,
    "price": 20.0,
    "sizes": [
      "Small",
      "Medium",
      "Large"
    ],
    "img": "8.png"
  },
  {
    "id": "92f8048f-3ee2-4428-96b0-66fd54b6e98f",
    "color": "Orange",
    "description": "Cras mi pede, malesuada in, imperdiet et, commodo vulputate, justo. In blandit ultrices enim. Lorem ipsum dolor sit amet, consectetuer adipiscing elit.",
    "gender": "Male",
    "name": "Andrej Wilfing",
    "review": "e-enable viral web services",
    "starrating": 3,
    "price": 15.99,
    "sizes": [
      "Small",
      "Medium",
      "Large"
    ],
    "img": "9.png"
  },
  {
    "id": "4cee7b59-30dd-4378-b1c0-e4ad055a6a19",
    "color": "Aquamarine",
    "description": "Integer tincidunt ante vel ipsum. Praesent blandit lacinia erat. Vestibulum sed magna at nunc commodo placerat.\n\nPraesent blandit. Nam nulla. Integer pede justo, lacinia eget, tincidunt eget, tempus vel, pede.\n\nMorbi porttitor lorem id ligula. Suspendisse ornare consequat lectus. In est risus, auctor sed, tristique in, tempus sit amet, sem.",
    "gender": "Female",
    "name": "Rori Marishenko",
    "review": "recontextualize B2B markets",
    "starrating": 3,
    "price": 190.0,
    "img": "10.jpg"
  },
  {
    "id": "f92c7d89-78e9-4616-8876-e0088c53483e",
    "color": "Pink",
    "description": "Nulla ut erat id mauris vulputate elementum. Nullam varius. Nulla facilisi.",
    "gender": "Male",
    "name": "Silas Cornwell",
    "review": "architect collaborative initiatives",
    "starrating": 3,
    "price": 35.99,
    "sizes": [
      "Small",
      "Medium",
      "Large"
    ],
    "img": "11.png"
  }
]