{
  "template": {
    "prefix": "template",
    "body": ["<template>", "", "</template>"],
    "description": "template tag"
  },
  "setupJSScriptTag": {
    "prefix": "setupjscript",
    "body": ["<script setup>", "", "</script>"],
    "description": "JavaScript setup script tag"
  },
  "setupTSScriptTag": {
    "prefix": "setuptscript",
    "body": ["<script lang=\"ts\" setup>", "", "</script>"],
    "description": "JavaScript setup script tag"
  },
  "scriptJSTag": {
    "prefix": "scriptjs",
    "body": ["<script>", "", "</script>"],
    "description": "script tag"
  },
  "scriptTSTag": {
    "prefix": "scriptts",
    "body": ["<script lang=\"ts\">", "", "</script>"],
    "description": "script tag"
  },
  "styleTag": {
    "prefix": "style",
    "body": ["<style>", "", "</style>"],
    "description": "style tag"
  }
}
