{
    "defineNitroPlugin": {
    "prefix": "defineNitroPlugin",
    "description": "Define Nitro Plugins",
    "body": [
      "export default defineNitroPlugin((${1:plugin}) => {",
      "  $2",
      "})"
    ],
    "isFileTemplate": true
  },
  "defineRenderHandler": {
    "prefix": "defineRenderHandler",
    "body": [
      "export function defineRenderHandler(${1:handler}) {",
      "  return eventHandler(async (event) => {",
      "    ${2:}",
      "  })",
      "}"
    ],
    "description": "defineRenderHandler"
  }
}