{
  "kind": "collectionType",
  "collectionName": "order_details",
  "info": {
    "singularName": "order-detail",
    "pluralName": "order-details",
    "displayName": "OrderDetail"
  },
  "options": {
    "draftAndPublish": false
  },
  "pluginOptions": {},
  "attributes": {
    "book": {
      "type": "relation",
      "relation": "manyToOne",
      "target": "api::book.book",
      "inversedBy": "order_details"
    },
    "order": {
      "type": "relation",
      "relation": "manyToOne",
      "target": "api::order.order",
      "inversedBy": "order_details"
    },
    "quantity": {
      "min": 1,
      "type": "integer",
      "required": false,
      "default": 1
    }
  }
}
