[
  {
    "name": "Test product 1",
    "description": "Test product 1 description",
    "price": 100,
    "stock": 10
  },
  {
    "name": "Test product 2",
    "description": "Test product 2 description",
    "price": 200,
    "stock": 20
  },
  {
    "name": "Test product 3",
    "description": "Test product 3 description",
    "price": 300,
    "stock": 30
  },
  {
    "name": "Test product 4",
    "description": "Test product 4 description",
    "price": 400,
    "stock": 40
  },
  {
    "name": "Test product 5",
    "description": "Test product 5 description",
    "price": 500,
    "stock": 50
  },
  {
    "name": "Test product 6",
    "description": "Test product 6 description",
    "price": 600,
    "stock": 60
  },
  {
    "name": "Test product 7",
    "description": "Test product 7 description",
    "price": 700,
    "stock": 70
  },
  {
    "name": "Test product 8",
    "description": "Test product 8 description",
    "price": 800,
    "stock": 80
  },
  {
    "name": "Test product 9",
    "description": "Test product 9 description",
    "price": 900,
    "stock": 90
  },
  {
    "name": "Test product 10",
    "description": "Test product 10 description",
    "price": 1000,
    "stock": 100
  },
  {
    "name": "Test product 11",
    "description": "Test product 11 description",
    "price": 1100,
    "stock": 110
  },
  {
    "name": "Test product 12",
    "description": "Test product 12 description",
    "price": 1200,
    "stock": 120
  },
  {
    "name": "Test product 13",
    "description": "Test product 13 description",
    "price": 1300,
    "stock": 130
  },
  {
    "name": "Test product 14",
    "description": "Test product 14 description",
    "price": 1400,
    "stock": 140
  },
  {
    "name": "Test product 15",
    "description": "Test product 15 description",
    "price": 1500,
    "stock": 150
  },
  {
    "name": "Test product 16",
    "description": "Test product 16 description",
    "price": 1600,
    "stock": 160
  },
  {
    "name": "Test product 17",
    "description": "Test product 17 description",
    "price": 1700,
    "stock": 170
  },
  {
    "name": "Test product 18",
    "description": "Test product 18 description",
    "price": 1800,
    "stock": 180
  },
  {
    "name": "Test product 19",
    "description": "Test product 19 description",
    "price": 1900,
    "stock": 190
  },
  {
    "name": "Test product 20",
    "description": "Test product 20 description",
    "price": 2000,
    "stock": 200
  }
]
