[
  {
    "name": "Test category 1",
    "description": "Test category 1 description",
    "children": [
      {
        "name": "Test category 1.1",
        "description": "Test category 1.1 description",
        "children": [
          {
            "name": "Test category 1.1.1",
            "description": "Test category 1.1.1 description"
          },
          {
            "name": "Test category 1.1.2",
            "description": "Test category 1.1.2 description"
          },
          {
            "name": "Test category 1.1.3",
            "description": "Test category 1.1.3 description"
          }
        ]
      },
      {
        "name": "Test category 1.2",
        "description": "Test category 1.2 description"
      },
      {
        "name": "Test category 1.3",
        "description": "Test category 1.3 description"
      }
    ]
  },
  {
    "name": "Test category 2",
    "description": "Test category 2 description"
  },
  {
    "name": "Test category 3",
    "description": "Test category 3 description"
  }
]
